{
  "width": 167,
  "height": 164,
  "x": 4547,
  "y": 2575,
  "rotation": 0,
  "alpha": 0.1,
  "hidden": true,
  "locked": false,
  "occlusion": {
    "mode": 0,
    "alpha": 0
  },
  "video": {
    "loop": true,
    "autoplay": true,
    "volume": 0
  },
  "flags": {
    "levels": {
      "rangeBottom": null,
      "rangeTop": null,
      "showIfAbove": false,
      "showAboveRange": null,
      "isBasement": false,
      "noFogHide": false,
      "excludeFromChecker": false,
      "noCollision": false,
      "allWallBlockSight": true
    },
    "betterroofs": {
      "brMode": false,
      "manualPoly": "",
      "occlusionLinkId": "",
      "occlusionLinkSource": false
    },
    "tagger": {
      "tags": [
        "DC01PoisonCloudTrap02",
        "DC01raps04"
      ]
    },
    "monks-active-tiles": {
      "active": true,
      "record": false,
      "restriction": "all",
      "controlled": "all",
      "trigger": [
        "enter"
      ],
      "usealpha": false,
      "pointer": false,
      "pertoken": false,
      "minrequired": 0,
      "chance": 100,
      "actions": [
        {
          "action": "distance",
          "data": {
            "entity": "",
            "measure": "lte",
            "distance": {
              "value": 1,
              "var": "sq"
            },
            "continue": "within"
          },
          "id": "ghlCJ08zSItwU9bU"
        },
        {
          "action": "target",
          "data": {
            "entity": {},
            "location": {},
            "remotesnap": true,
            "animatepan": false,
            "deletesource": false,
            "preservesettings": true,
            "avoidtokens": false,
            "item": {},
            "actor": {},
            "token": {},
            "target": "add",
            "for": "gm"
          },
          "id": "tPEBqk1rTPlI7kW3"
        },
        {
          "action": "exists",
          "data": {
            "entity": "",
            "collection": "tokens",
            "count": "> 0",
            "none": "end"
          },
          "id": "DWAhC20ilNMa8sCo"
        },
        {
          "action": "runmacro",
          "data": {
            "entity": {
              "id": "Macro.iDIAqJVYD9XWJEKe",
              "name": "DC0101PoisonCloud01"
            },
            "args": "",
            "runasgm": "player"
          },
          "id": "CN2mPnKCQ1IFxC5o"
        }
      ],
      "allowpaused": false,
      "fileindex": 0,
      "files": [],
      "name": "DetectTrapsPoisonCloud",
      "vision": false,
      "cooldown": null
    },
    "exportSource": {
      "world": "YourWorldName",
      "system": "gurps",
      "coreVersion": "12.331",
      "systemVersion": "0.17.18"
    }
  },
  "texture": {
    "src": "icons/svg/trap.svg",
    "tint": "#ffffff",
    "scaleX": 1,
    "scaleY": 1,
    "offsetX": 0,
    "offsetY": 0,
    "rotation": 0,
    "anchorX": 0.5,
    "anchorY": 0.5,
    "fit": "fill",
    "alphaThreshold": 0.75
  },
  "restrictions": {
    "light": false,
    "weather": false
  },
  "elevation": 0,
  "id": "mFld8slqNv7Rognk",
  "name": "DetectTrapsPoisonCloud02",
  "visible": true,
  "img": "icons/svg/trap.svg",
  "thumbnail": "icons/svg/trap.svg"
}