{
  "width": 476,
  "height": 142,
  "x": 7123,
  "y": 1550,
  "rotation": 0,
  "alpha": 0.15,
  "hidden": true,
  "locked": false,
  "occlusion": {
    "mode": 0,
    "alpha": 0
  },
  "video": {
    "loop": true,
    "autoplay": true,
    "volume": 0
  },
  "flags": {
    "levels": {
      "rangeBottom": null,
      "rangeTop": null,
      "showIfAbove": false,
      "showAboveRange": null,
      "isBasement": false,
      "noFogHide": false,
      "excludeFromChecker": false,
      "noCollision": false,
      "allWallBlockSight": true
    },
    "betterroofs": {
      "brMode": false,
      "manualPoly": "",
      "occlusionLinkId": "",
      "occlusionLinkSource": false
    },
    "tagger": {
      "tags": [
        "GMTargetsForDC01AlchemistFireDoorTrap01"
      ]
    },
    "monks-active-tiles": {
      "active": true,
      "record": true,
      "restriction": "all",
      "controlled": "all",
      "trigger": [
        "manual"
      ],
      "usealpha": false,
      "pointer": false,
      "pertoken": false,
      "minrequired": 0,
      "chance": 100,
      "actions": [
        {
          "action": "distance",
          "data": {
            "entity": {
              "id": "within",
              "name": "Tokens within Tile"
            },
            "measure": "lte",
            "distance": {
              "value": 3,
              "var": "sq"
            },
            "continue": "within"
          },
          "id": "ghlCJ08zSItwU9bU"
        },
        {
          "action": "exists",
          "data": {
            "entity": "",
            "collection": "tokens",
            "count": "> 0",
            "none": "end"
          },
          "id": "DWAhC20ilNMa8sCo"
        },
        {
          "action": "chatmessage",
          "data": {
            "flavor": "",
            "text": "Trap!",
            "entity": {
              "id": "previous",
              "name": "Current tokens"
            },
            "incharacter": true,
            "chatbubble": true,
            "language": "",
            "showto": "everyone"
          },
          "id": "gudNHDYYVMlWzDte"
        },
        {
          "action": "chatmessage",
          "data": {
            "flavor": "",
            "text": "<h3>As you open the door, a counterweight mechanism pumps burning alchemist’s fire from spouts in the statues mouths, dousing any character standing on the three northmost rows of floor stones. Burning characters can be extinguished by the actions of their comrades. This is a Vicious Alchemist Fire Trap!</h3>",
            "entity": {
              "id": "token",
              "name": "Triggering Token"
            },
            "incharacter": false,
            "chatbubble": "false",
            "language": "",
            "showto": "everyone"
          },
          "id": "VOTO15L5HopbNkmX"
        }
      ],
      "allowpaused": false,
      "fileindex": 0,
      "files": [],
      "history": {
        "": {
          "tokenid": "",
          "triggered": [
            {
              "id": "25I4kuBSbO25qR03",
              "who": "sVxF0AzuvK7ZMqXx",
              "when": 1724524549090
            },
            {
              "id": "slmUH3cRw6U1CCeL",
              "who": "sVxF0AzuvK7ZMqXx",
              "when": 1724524590383
            },
            {
              "id": "NWiFy79w6eyZvlTB",
              "who": "sVxF0AzuvK7ZMqXx",
              "when": 1724524726008
            },
            {
              "id": "7gQP7vw9j3tKm12S",
              "who": "sVxF0AzuvK7ZMqXx",
              "when": 1724524801337
            },
            {
              "id": "xnOkqGSnDGTV4zaQ",
              "who": "sVxF0AzuvK7ZMqXx",
              "when": 1724524889778
            },
            {
              "id": "LFGR4KXrmmz7z5bF",
              "who": "sVxF0AzuvK7ZMqXx",
              "when": 1724524899834
            },
            {
              "id": "ssU5DamYQFzaJnVW",
              "who": "sVxF0AzuvK7ZMqXx",
              "when": 1724525070407
            }
          ]
        },
        "FQXBKd2S4RqtDdKR": {
          "tokenid": "FQXBKd2S4RqtDdKR",
          "triggered": [
            {
              "id": "b8SMsqyqB7Ig2Oaj",
              "who": "sVxF0AzuvK7ZMqXx",
              "how": "enter",
              "when": 1724524785434
            },
            {
              "id": "FdetQS74s5dNMRSR",
              "who": "sVxF0AzuvK7ZMqXx",
              "how": "enter",
              "when": 1724525247842
            },
            {
              "id": "GdtSS0YJveceQ4rI",
              "who": "sVxF0AzuvK7ZMqXx",
              "how": "trigger",
              "when": 1724525419785
            }
          ]
        },
        "p7WQ2bKrd1Ph7eIj": {
          "tokenid": "p7WQ2bKrd1Ph7eIj",
          "triggered": [
            {
              "id": "nIjePaZ6iH3vT2xq",
              "who": "sVxF0AzuvK7ZMqXx",
              "how": "trigger",
              "when": 1724617901174
            },
            {
              "id": "vkowJbp8gPcaNiHF",
              "who": "sVxF0AzuvK7ZMqXx",
              "how": "trigger",
              "when": 1724618788861
            },
            {
              "id": "gmbU0PX5lQ9NXTPL",
              "who": "sVxF0AzuvK7ZMqXx",
              "how": "enter",
              "when": 1724620154824
            },
            {
              "id": "9eEwXuqsffyF6odU",
              "who": "sVxF0AzuvK7ZMqXx",
              "how": "enter",
              "when": 1724620724735
            },
            {
              "id": "618FXZoxJqyKmvHL",
              "who": "sVxF0AzuvK7ZMqXx",
              "how": "enter",
              "when": 1724621038484
            },
            {
              "id": "enDfYdWld5uwte7k",
              "who": "sVxF0AzuvK7ZMqXx",
              "how": "enter",
              "when": 1724621899534
            },
            {
              "id": "SaIBLRsB7p0YdmVx",
              "who": "sVxF0AzuvK7ZMqXx",
              "how": "enter",
              "when": 1724626719239
            },
            {
              "id": "y7ENNjXDA0Gk7c5h",
              "who": "sVxF0AzuvK7ZMqXx",
              "how": "enter",
              "when": 1724626830374
            },
            {
              "id": "QViKcdjiIkFMxvxY",
              "who": "sVxF0AzuvK7ZMqXx",
              "how": "enter",
              "when": 1724627081915
            },
            {
              "id": "4cxwOTlLOLPQ5Soc",
              "who": "sVxF0AzuvK7ZMqXx",
              "how": "enter",
              "when": 1724627161707
            },
            {
              "id": "V5zoanRxPZoVxcXN",
              "who": "sVxF0AzuvK7ZMqXx",
              "how": "enter",
              "when": 1724627334272
            },
            {
              "id": "jo2ag1YroiFfu7MU",
              "who": "sVxF0AzuvK7ZMqXx",
              "how": "enter",
              "when": 1724627566949
            },
            {
              "id": "goeg55LetSEz41uG",
              "who": "sVxF0AzuvK7ZMqXx",
              "how": "enter",
              "when": 1724627704749
            },
            {
              "id": "ZlgqsBFg4YhfI2In",
              "who": "sVxF0AzuvK7ZMqXx",
              "how": "enter",
              "when": 1724627724865
            },
            {
              "id": "XQZ5ZTRgZHXcIDKL",
              "who": "sVxF0AzuvK7ZMqXx",
              "how": "enter",
              "when": 1724627903322
            },
            {
              "id": "QYca4ByQ6TbItJmu",
              "who": "sVxF0AzuvK7ZMqXx",
              "how": "enter",
              "when": 1724627925590
            },
            {
              "id": "cR6o4foZG2g0U9Uf",
              "who": "sVxF0AzuvK7ZMqXx",
              "how": "enter",
              "when": 1724628026941
            }
          ]
        },
        "x4KT5djBTVyWCqew": {
          "tokenid": "x4KT5djBTVyWCqew",
          "triggered": [
            {
              "id": "IZ2sSwbyJ5qi8gIU",
              "who": "sVxF0AzuvK7ZMqXx",
              "how": "enter",
              "when": 1724623523979
            },
            {
              "id": "kScBtOZU3hQAgZKC",
              "who": "sVxF0AzuvK7ZMqXx",
              "how": "enter",
              "when": 1724623964120
            },
            {
              "id": "0HMbG6OswOQztkvw",
              "who": "sVxF0AzuvK7ZMqXx",
              "how": "enter",
              "when": 1724623990859
            },
            {
              "id": "3FLVQKK3oTmV5rR5",
              "who": "sVxF0AzuvK7ZMqXx",
              "how": "enter",
              "when": 1724636878519
            },
            {
              "id": "n7Zl9SeFFAvTtfsV",
              "who": "sVxF0AzuvK7ZMqXx",
              "how": "enter",
              "when": 1724727372373
            },
            {
              "id": "5Ahg1IQGOFLsr0jM",
              "who": "sVxF0AzuvK7ZMqXx",
              "how": "enter",
              "when": 1724728004553
            },
            {
              "id": "1llk8I8kWXXyA1lR",
              "who": "sVxF0AzuvK7ZMqXx",
              "how": "enter",
              "when": 1724728023081
            }
          ]
        },
        "dV9Y2WVh5Uogenql": {
          "tokenid": "dV9Y2WVh5Uogenql",
          "triggered": [
            {
              "id": "uFQazcxpsPLaXVhN",
              "who": "NFw1v09fEiP85nzb",
              "how": "enter",
              "when": 1724638971293
            },
            {
              "id": "ysNzlYvZOU7QTAt9",
              "who": "NFw1v09fEiP85nzb",
              "how": "enter",
              "when": 1724729023976
            },
            {
              "id": "CT7LubeBNHESYIYi",
              "who": "NFw1v09fEiP85nzb",
              "how": "enter",
              "when": 1724729340978
            },
            {
              "id": "75MvNzW50cFSXc4b",
              "who": "NFw1v09fEiP85nzb",
              "how": "enter",
              "when": 1724729594903
            },
            {
              "id": "SjmneSfatxf2Cz2c",
              "who": "NFw1v09fEiP85nzb",
              "how": "enter",
              "when": 1724729850044
            },
            {
              "id": "u9vbzGYAhCJXAKiD",
              "who": "NFw1v09fEiP85nzb",
              "how": "enter",
              "when": 1724729988181
            },
            {
              "id": "KAeqMEtBmFfV7CuU",
              "who": "sVxF0AzuvK7ZMqXx",
              "how": "enter",
              "when": 1724730106288
            },
            {
              "id": "asmgdahJfP0dC0UI",
              "who": "NFw1v09fEiP85nzb",
              "how": "enter",
              "when": 1724731074960
            },
            {
              "id": "LPIYd6K4r659ux5h",
              "who": "NFw1v09fEiP85nzb",
              "how": "enter",
              "when": 1724734214189
            },
            {
              "id": "X5Branbx76cSk7YJ",
              "who": "NFw1v09fEiP85nzb",
              "how": "enter",
              "when": 1724741481507
            },
            {
              "id": "eoJq49gaSUsJDzA4",
              "who": "NFw1v09fEiP85nzb",
              "how": "enter",
              "when": 1724741597679
            },
            {
              "id": "YSCanDifgnUsl1WE",
              "who": "NFw1v09fEiP85nzb",
              "how": "enter",
              "when": 1724741875206
            },
            {
              "id": "wJAbE6hq31qDPEVn",
              "who": "NFw1v09fEiP85nzb",
              "how": "enter",
              "when": 1724811061393
            },
            {
              "id": "s5lALudFAW8eppC0",
              "who": "NFw1v09fEiP85nzb",
              "how": "enter",
              "when": 1724811271331
            },
            {
              "id": "ZGiuW64tZhzGq0iP",
              "who": "NFw1v09fEiP85nzb",
              "how": "enter",
              "when": 1724811538825
            },
            {
              "id": "IWRswt9J0MGTbBkf",
              "who": "NFw1v09fEiP85nzb",
              "how": "enter",
              "when": 1724811634065
            },
            {
              "id": "ZunNipLamPIGJPcf",
              "who": "NFw1v09fEiP85nzb",
              "how": "enter",
              "when": 1724811887457
            },
            {
              "id": "miYYBeGq7paNn9oe",
              "who": "NFw1v09fEiP85nzb",
              "how": "enter",
              "when": 1724812260602
            }
          ]
        },
        "YShlinDoAv3dMXwL": {
          "tokenid": "YShlinDoAv3dMXwL",
          "triggered": [
            {
              "id": "fYcFC76zZSFRx8yg",
              "who": "nc5RrE4JR8kywAZw",
              "how": "enter",
              "when": 1725062152038
            },
            {
              "id": "OQ7sPtRSDcnTHes4",
              "who": "nc5RrE4JR8kywAZw",
              "how": "enter",
              "when": 1725062823840
            },
            {
              "id": "aYBHywhVrtlk9m39",
              "who": "nc5RrE4JR8kywAZw",
              "how": "enter",
              "when": 1725062951240
            },
            {
              "id": "Z0sajlj6WUNma5t3",
              "who": "nc5RrE4JR8kywAZw",
              "how": "enter",
              "when": 1725063519895
            },
            {
              "id": "XoeVJix8wJIXPBS5",
              "who": "nc5RrE4JR8kywAZw",
              "how": "enter",
              "when": 1725063670583
            },
            {
              "id": "fajAGwAgIjFFFABT",
              "who": "nc5RrE4JR8kywAZw",
              "how": "enter",
              "when": 1725066313361
            },
            {
              "id": "Pv9TFxIoOTfZyqOw",
              "who": "nc5RrE4JR8kywAZw",
              "how": "enter",
              "when": 1725066720793
            },
            {
              "id": "QrQLr1xIlGa2EOHJ",
              "who": "nc5RrE4JR8kywAZw",
              "how": "enter",
              "when": 1725066760073
            },
            {
              "id": "5jLFU9T9Qyy3SBPT",
              "who": "nc5RrE4JR8kywAZw",
              "how": "enter",
              "when": 1725112500733
            }
          ]
        },
        "w0qsIwNGBoRXwhBv": {
          "tokenid": "w0qsIwNGBoRXwhBv",
          "triggered": [
            {
              "id": "wc8vPRLhRJgVCKd2",
              "who": "sVxF0AzuvK7ZMqXx",
              "how": "trigger",
              "when": 1725129286498
            }
          ]
        },
        "TT9Tef8rBPiO23ew": {
          "tokenid": "TT9Tef8rBPiO23ew",
          "triggered": [
            {
              "id": "dbzm8eiJtB7NcAqU",
              "who": "sVxF0AzuvK7ZMqXx",
              "how": "trigger",
              "when": 1727042123738
            },
            {
              "id": "ort9wZK71k4xAcsk",
              "who": "sVxF0AzuvK7ZMqXx",
              "how": "trigger",
              "when": 1727042167568
            },
            {
              "id": "Pd4pV8Ku9GfhG0uN",
              "who": "sVxF0AzuvK7ZMqXx",
              "how": "trigger",
              "when": 1727042168056
            },
            {
              "id": "TDOCk0MPM6Qx8UW8",
              "who": "sVxF0AzuvK7ZMqXx",
              "how": "trigger",
              "when": 1727042203430
            }
          ]
        },
        "OI35B5hbZQbpPdoW": {
          "tokenid": "OI35B5hbZQbpPdoW",
          "triggered": [
            {
              "id": "kuh1qfCipkuzfLXc",
              "who": "sVxF0AzuvK7ZMqXx",
              "how": "trigger",
              "when": 1728214015190
            },
            {
              "id": "htgxA2NzyZWvu6BH",
              "who": "sVxF0AzuvK7ZMqXx",
              "how": "trigger",
              "when": 1728214015754
            },
            {
              "id": "lrXr8UWxfS5M3f3Z",
              "who": "sVxF0AzuvK7ZMqXx",
              "how": "trigger",
              "when": 1728214327774
            },
            {
              "id": "bt5wRQ1IxkC2z0ia",
              "who": "sVxF0AzuvK7ZMqXx",
              "how": "trigger",
              "when": 1728214328148
            },
            {
              "id": "o7VmtyZGIbGT3kyC",
              "who": "sVxF0AzuvK7ZMqXx",
              "how": "trigger",
              "when": 1728214402076
            },
            {
              "id": "brvdtDFnBgS12Rz9",
              "who": "sVxF0AzuvK7ZMqXx",
              "how": "trigger",
              "when": 1728214440976
            },
            {
              "id": "QwzJXvei33Y4xEFq",
              "who": "sVxF0AzuvK7ZMqXx",
              "how": "trigger",
              "when": 1728222881244
            },
            {
              "id": "F3IPW1g6I2Ibk0MO",
              "who": "sVxF0AzuvK7ZMqXx",
              "how": "trigger",
              "when": 1728222881854
            },
            {
              "id": "XmK2bjouovUd0kJO",
              "who": "sVxF0AzuvK7ZMqXx",
              "how": "trigger",
              "when": 1728225705897
            },
            {
              "id": "A6RIauQG5bHJd4R1",
              "who": "sVxF0AzuvK7ZMqXx",
              "how": "trigger",
              "when": 1728225720780
            },
            {
              "id": "k3fU8GbgmGfkOZVX",
              "who": "sVxF0AzuvK7ZMqXx",
              "how": "trigger",
              "when": 1728228080620
            },
            {
              "id": "GFAxISj4hkUQNbLV",
              "who": "sVxF0AzuvK7ZMqXx",
              "how": "trigger",
              "when": 1728228258168
            },
            {
              "id": "vGbSdyb2mEw0cYTR",
              "who": "sVxF0AzuvK7ZMqXx",
              "how": "trigger",
              "when": 1728228691417
            },
            {
              "id": "osZuOT5CFIbH7vvD",
              "who": "sVxF0AzuvK7ZMqXx",
              "how": "trigger",
              "when": 1728229152694
            }
          ]
        },
        "6eeODxkyUXlypC24": {
          "tokenid": "6eeODxkyUXlypC24",
          "triggered": [
            {
              "id": "twgdadwrRM1ML4m4",
              "who": "sVxF0AzuvK7ZMqXx",
              "how": "trigger",
              "when": 1728266016406
            },
            {
              "id": "bNfgNIvWBFrgLmbV",
              "who": "sVxF0AzuvK7ZMqXx",
              "how": "trigger",
              "when": 1728266023308
            },
            {
              "id": "OJkKWP40xGb60tMP",
              "who": "sVxF0AzuvK7ZMqXx",
              "how": "trigger",
              "when": 1728266104366
            }
          ]
        },
        "Wf30NgSfOeLnZUdf": {
          "tokenid": "Wf30NgSfOeLnZUdf",
          "triggered": [
            {
              "id": "WcjNqtGBoeGLTn25",
              "who": "KtZWaj9WGfZlnt9f",
              "how": "trigger",
              "when": 1739600846696
            },
            {
              "id": "XglSptROBjaXitvU",
              "who": "KtZWaj9WGfZlnt9f",
              "how": "trigger",
              "when": 1739601188663
            },
            {
              "id": "uKd801PdEmO2cYuF",
              "who": "KtZWaj9WGfZlnt9f",
              "how": "trigger",
              "when": 1739601524286
            },
            {
              "id": "o2ppNJo8k5I8FnRs",
              "who": "KtZWaj9WGfZlnt9f",
              "how": "trigger",
              "when": 1739601755267
            },
            {
              "id": "6CkUtPcyyozZLCuU",
              "who": "KtZWaj9WGfZlnt9f",
              "how": "trigger",
              "when": 1739601989611
            },
            {
              "id": "uJs9jCb46CTvHbUH",
              "who": "KtZWaj9WGfZlnt9f",
              "how": "trigger",
              "when": 1739602197618
            },
            {
              "id": "7fWQ3VGpIWJlBE6J",
              "who": "KtZWaj9WGfZlnt9f",
              "how": "trigger",
              "when": 1739602302326
            },
            {
              "id": "8NBvaClX2SH8RsB7",
              "who": "KtZWaj9WGfZlnt9f",
              "how": "trigger",
              "when": 1739602801370
            }
          ]
        }
      },
      "name": "GMTargetsForDC01AlchemistFireDoorTrap01",
      "vision": false,
      "cooldown": null
    },
    "exportSource": {
      "world": "YourWorldName",
      "system": "gurps",
      "coreVersion": "12.331",
      "systemVersion": "0.17.18"
    }
  },
  "texture": {
    "src": "icons/svg/target.svg",
    "tint": "#ffffff",
    "scaleX": 1,
    "scaleY": 1,
    "offsetX": 0,
    "offsetY": 0,
    "rotation": 0,
    "anchorX": 0.5,
    "anchorY": 0.5,
    "fit": "fill",
    "alphaThreshold": 0.75
  },
  "restrictions": {
    "light": false,
    "weather": false
  },
  "elevation": 0,
  "id": "HOjv5ODct9zNFeVs",
  "name": "GMTargetsForAlchemistFire01",
  "visible": true,
  "img": "icons/svg/target.svg",
  "thumbnail": "icons/svg/target.svg"
}